sha256,filename
d1040543cbfdc0824827fc884a088038520033ef34c1ddf915c709aa542778a7,00002302_G_roll_01.png
b2a6ea51f0536682a2397f3c1ef1f0b400a50389c0a0c5e58f63accc9eb1e268,00002302_G_roll_02.png
423ff542c9d1f5a301ca4e3a8847e79d614932439db55742a9d20ef25c3d51f3,00002302_G_roll_03.png
4d42ac56e32c99ac51d3f92335ca2057cf2c88f4752bf6820ec5736ffd45f1f0,00002302_G_roll_04.png
bb1f390e626b74fd12bab140c0716d0477ca2711a3a04b240df180e9843629c1,00002302_G_roll_05.png
ffcac7a7b2872689a2a3e6e4f98b846e836c0017f1212c21dafcee85e8e8bda6,00002302_G_roll_06.png
992098833c71a9af9bb3289c30c24bb243ac34197b686377a5e5b74388f3915f,00002302_G_roll_07.png
4bd239bf1251b0b5f59292e690b2c946dce769bad35a2b8ffbe66646baf756f6,00002302_G_roll_08.png
9553f84e982ece300debb63aa8d8304a824975743cfa8ed909eb946f10a61c78,00002302_G_roll_09.png
d1cbf0ebf81f7024c73d2ff3ca9bb404bd253f635b4f72a919773b087e6e90b7,00002302_G_roll_10.png
b33b34bf17ecd9236fd16d11c51ac6d21475f38fce06a9344c44d5838310a93d,00002303_G_roll_01.png
204aa973e2603038bd7b3e7b2eef45eb2973d4df28f583b6e1f188ef01157bc3,00002303_G_roll_02.png
5ef6406f8670f5dd73553ee5141af74d2d2828d077598c2ed7028e1b92c394a1,00002303_G_roll_03.png
1f4a5c5a20303890ccad633fe8a63e55e797d6d500d4b83f28fa4210bff54ddb,00002303_G_roll_04.png
648f3272f712ba1324936018ca1c61615cf93fc971fedc55527cd1c03cece998,00002303_G_roll_05.png
de732af179f02c2c904e19268bf35a582ce0accc51295d894ba606adf73d48ae,00002303_G_roll_06.png
ef5e26c469c3214f382ca91809873a9d21b8fd1ea3f5070d218c95409057cdbd,00002303_G_roll_07.png
f83ac419bd3f334dc62f0392a17cbd8ec49bbfdd2f1b5225bf3da3325910c5ba,00002303_G_roll_08.png
c571fb6dad27a39772df42a9f4355830d349e452fbad935e27a22c855de56306,00002303_G_roll_09.png
8988268e51e54bb34ff1ab34039a1f6082bca36fb0d8d2554cbf9862d0268941,00002303_G_roll_10.png
cb845a7ae92a92ae9e677347868d1285cc841b497a2ba7a2f03ccfb5ff25256a,00002304_G_roll_01.png
9f38831e82f9c5e99ce119249c1496368d783c172a371d45a7d70cf0632bed9b,00002304_G_roll_02.png
52087fc4ba58c9203501da6a9ed206119ae9271e90986b81a9ab690efe51c73d,00002304_G_roll_03.png
c96e9fbc6f30f64a2fad296a5136493d16b49f3de037dc15fdced639ae41c0cb,00002304_G_roll_04.png
84c00cad54ec347312312a0f0d49d64fdedcddda77bd7c9e05a8e9af3eff9e77,00002304_G_roll_05.png
805538c4d4c426b16c985878f822de6aee2c7c3f4b5f70bdf505b53f321bcf34,00002304_G_roll_06.png
1408260c73bb80dc0a29c82a8b3ea6c5c582d6f522b3334704ec922af40c5982,00002304_G_roll_07.png
0306043528766770f411060153710a0ee992d1b69b06319fd43c254d2621a931,00002304_G_roll_08.png
2178353eaacc6ffa35c5c1d5e029f554745a5695bd976d20abcb7ab0ea8e9e1b,00002304_G_roll_09.png
6ece204c34032ffb78f7a4345ffa0f5534e9ab92d984b3dc5eada5365f7dd39a,00002304_G_roll_10.png
09935e6c47e1c62fa20e2bb9a53472061e597bb9f0350ae59781cae46367b967,00002306_G_roll_01.png
7366972fdec540cdf7815705f9faaf6d69c3cdbbfa33af73486ab03ede93ce4b,00002306_G_roll_02.png
b077ff20544e0f25190370465bc3babc658095f10350c50887a0210df6d331be,00002306_G_roll_03.png
364707bd9416ceab65d185d284efc0b736850ee4472e01a58fd8b0030aa72b4b,00002306_G_roll_04.png
6191ba11e256b72efbbc4c5d4f5cd6a5a689beffcfe5c4b533de54c69c55660c,00002306_G_roll_05.png
0cd01b37f84ea07edd441572c71d355ef22b1b9051c254c431287c13556c2f5a,00002306_G_roll_06.png
783f8d393fb8164ff5130bc95cebb23b2b46f7943a6bf93a264ebf1459d1befa,00002306_G_roll_07.png
ad9a8e12d1f259354e46a5ce0792ef778e5fbce635ed18788f72dbcf38d54ff0,00002306_G_roll_08.png
2f6597bff1a3e42ae9ecbebd379a896969df15b89a6be4f846311d765b619823,00002306_G_roll_09.png
551dc972e52b357a31ca1fb50c334e3edd7882e4b50efaa3b456e65028b4f180,00002306_G_roll_10.png
073018d976e47ccd19b86e44b6fda610573c30f3363a15d5fb7983a3c0088dff,00002307_G_roll_01.png
eb2e8ecea8c884b9fb994bb6ef2003ddc11cfb10992327befbf98d874d5f40fd,00002307_G_roll_02.png
71e1c9ef1de48465928e2dd75ce1cdf72a859319e7d33a3e00017533eef7bfb6,00002307_G_roll_03.png
8885aeb2162f832bfb17e2f266775757fc7f6f93f3c2c35d535a7cb44f9443ef,00002307_G_roll_04.png
f85bc935cb12fcca03ad1566a61eeafcb4b3d18b626c3119fbd4a2685aa6db0d,00002307_G_roll_05.png
af341c3e96d2dd0ac6dc42e20219c87cfa126b0b9de157c43f7006a2e7675875,00002307_G_roll_06.png
9969faf521c206bc06ce7cd41e3c1134b615781569358c5931740dde637c3616,00002307_G_roll_07.png
943261d124512b926e44acfd5b9556d0824874b952268001c3119e7737f97792,00002307_G_roll_08.png
3fec8b8b652301ac17c37476ad5e9b8a54c778798fc1b16b5526bb9ad5b2a6e1,00002307_G_roll_09.png
9ef560dc04f5faf8a2197a6934b6ad85b50af123246634c592a86cf01e1e6ae4,00002307_G_roll_10.png
a19e3f6174d0fd09e126db1af2314241187438e34cf59412e83f6f7015625d15,00002310_G_roll_01.png
28f84bf577af2458659ade99530f332de1c48f67b0813bbc486e23c075c63973,00002310_G_roll_02.png
8a236dd797fed5ff817b12d1ad44e2342992334ca773c590badcca4f0a6078f3,00002310_G_roll_03.png
d6193d8ecf76499c15bfc8ba08156b1919a8c6341fc63c3d38f9e0fe60b653c1,00002310_G_roll_04.png
44079d02ca37ca19fe2ec1bdaa180682ac0fc6d2f2597192ed5f987f4190685d,00002310_G_roll_05.png
f9ad8ec7ae585d35ae10689833424ecefaf98a9327865a47fdb6c28587d86be7,00002310_G_roll_06.png
4123ed53b3c22dbc4743a83d80a0c8155eafa8eb39ea6ae82e3373de127e5b14,00002310_G_roll_07.png
cec4c216be26b9630b9d99e2bfd393bf20270f6bc30c6ab774425a348cbfc4de,00002310_G_roll_08.png
fd94dcd429a15911beeba2f7b5de44938eb2e0b37c7b4f126b8bfe97ed9dcdd8,00002310_G_roll_09.png
b579a6a9bc0dd184cf25a87c2ecf4755dde7f27e0d6514aae5bd59f8c3b9790e,00002310_G_roll_10.png
c31579db78120b410585277451ca7bf28ebf565c75bf166954e7b267ccef5897,00002312_G_roll_01.png
37721fdab455647f34384995393f61cee963f6da6ab89355be7ffe9ae35010fd,00002312_G_roll_02.png
1eea81b3c5f434ce689f33188f19046534efae36aff57bdb53766a5c793db512,00002312_G_roll_03.png
2874df4ecf39834911cf83217aa7b33189170bcc6270bc637ec20c34173dc592,00002312_G_roll_04.png
b9ec00be5426fb4903229433878d8cd72bae14aed57874a47b1a8cc134af124e,00002312_G_roll_05.png
6dea0a4851a999e48d36755d863d757e623f4f7fce4ed0f4080c89fe5afa7093,00002312_G_roll_06.png
4906fa6388f39845246daafc86752b54b334334511f0b49f9b00fe541fac4318,00002312_G_roll_07.png
2cbaed1875c950db1bbe246057e812b6b64023274ffefc94712b781c02586cec,00002312_G_roll_08.png
257068a819c61acf02dfd44163ed250976e6f4f1290ab13e8dd156840ea2df15,00002312_G_roll_09.png
c5bc6e2b98909a0459006bc7f4ff6a44032e7fdadee14f6d089a24a638a0d42d,00002312_G_roll_10.png
fbd439f603758916b35925641c79a6847c1ab3df7428b7be0f277fba01fd7f95,00002313_G_roll_01.png
58755b23f40b5d123453c39534a726d9d3cfa26aac3572f077902291d3e1d056,00002313_G_roll_02.png
c08f6f2adfd19eb670cd1a96d557d4329633440a658496346711b3a7ab2bc8ad,00002313_G_roll_03.png
78c918ef78597aca64f364272bc722a7a3e3d7cfb142cb1ad21be54a5fb0e59d,00002313_G_roll_04.png
b620cb5d7b2a3a5d4593ea6abedab3da97e788df4a254f38f0ec99e6ab6c491a,00002313_G_roll_05.png
1030f14aff0c5f32ccf71852386322224acaa95dbf4455d1b6a50420caefa8ec,00002313_G_roll_06.png
09dccde6b40181c020998b9fa3f8a517368ebd84a6698e7fb5e6e3280ff21890,00002313_G_roll_07.png
baf20ae896e2d5d464d75b41e4552c3334b850ea7a3ad60c97e13cf6451295df,00002313_G_roll_08.png
4d0f7c3d85a0a9892e1b666bb0dd2976bc34e738bfc5a870b70f1ec1a8d820cc,00002313_G_roll_09.png
4d4146a3539a557dd6bf63257e693cb0def4efba76dfa8c7bb45ea20b73f920c,00002313_G_roll_10.png
32b42d1d5cbcd801ebecef10382ef2d618cddc4040c898923883993df57f9adb,00002314_G_roll_01.png
b887869b14fd9785f83df823dd121c8c98b715bed9408b5434fc73e99dd48284,00002314_G_roll_02.png
571f970eb4709d51e9529653e39908128e86d4926eec290e3b00f7f0028008bf,00002314_G_roll_03.png
02e94fba0145fc493ac110902f50bed2dfa395fbdb8826e8248db19ddf009041,00002314_G_roll_04.png
186be3322c343f123129902a207fec7dd0ffc63631cae18c9a8823a0fed6e7a7,00002314_G_roll_05.png
1810d6f7c6df90b3fed7777497bc966bb5be5a3e450f4b4a33dc18126ccc0616,00002314_G_roll_06.png
3469feafd3be4bc737b8cadb67c43fff978d82c72aba4c4ddc8390959dcb013b,00002314_G_roll_07.png
3154aaf2bc07ea330c00082ba9394262233fa60bb04d95e311f7b4b44c62ca05,00002314_G_roll_08.png
f1555c619b09c08d107b0883e9c55cb2ee298f27ef77826b19f01e5dc2457e8b,00002314_G_roll_09.png
8001f4221f3a59881bfb65860a61b5c793ac6dc9cad545105da80421320334a4,00002314_G_roll_10.png
63d6bbd5de8025c94e9b5a5327c5d08b347a8d3033a4ce3dcfbcf8dea03f455c,00002315_G_roll_01.png
ea440c295fb256e853aa2d58dc0a20f36417cd741c27d78b92c9899b7bab0834,00002315_G_roll_02.png
e0d0581ff46ef852fdc9ab6219bdc2da184effb2c86c778f66d535bc997eacb9,00002315_G_roll_03.png
e53c72c57106f737eceba2ac76a1d6849c6b5fcbc940863bbcb30935ce5df07e,00002315_G_roll_04.png
85090c8de326458107c3a288a46e92be7cb5e5b7a2bc2adf1aa0190871f23b03,00002315_G_roll_05.png
2751efdd68564fdc3bf41bf7ca28e7207d7ce32851306abf2c6529241360cf15,00002315_G_roll_06.png
d0ffd1a26792cd1e18c091bd55f90f3907b46e8026fe68b8180657c7952c79e8,00002315_G_roll_07.png
475ad37381324ea53a639776fcd30b1c4c5effa6b4992e5728d550499d3bfbee,00002315_G_roll_08.png
cf52e79e657579340bd0f9018e406270c0f2b2553bb4fd4a1467784400a00031,00002315_G_roll_09.png
84673e58cf9fd7bb7239b669bc6c584dceec2fe63a9a811a58b4a7092cb416bd,00002315_G_roll_10.png
fc6559896cb5408c3bd1ec2447fbfef4d0aa0fda76778e9bb0fb961c12ac2ad9,00002317_G_roll_01.png
6180e2f495e2e734f318990a4d427d021287a86bd8662e031f5febd6859fedb9,00002317_G_roll_02.png
68fcb0e89a5cd700de8665f527c79f33a388d074a20bbb81595a2372c0bae7c8,00002317_G_roll_03.png
4ad4bb01fb69c3fbbb17762fef14b4256ad56356613efc2935575b77ab0780d9,00002317_G_roll_04.png
2bbcba87ea2a60cb0d997600de5b8fc5150566bdf13c5aa2e4630a2c3632031d,00002317_G_roll_05.png
fd83971cbd3a3daff1f5d806eda11b798d4e97aed83d5f95856cbb35ea4842c9,00002317_G_roll_06.png
ff89726f09b9ce3e355953c1ecfa79d7fcd817a9c2432436c47981c2ed486747,00002317_G_roll_07.png
040e054d19deca422d3e92b296dd15c05899861bbec609a5f7bf89c00c39108f,00002317_G_roll_08.png
c0b623540974c4dacf9a67878074b8e12d55c0e82d4239a57e8688a080dd525c,00002317_G_roll_09.png
c8c6d21a96c3e26b8ba3c6893b459085ee60acee1a3e6c7fc1ec84e089c2418a,00002317_G_roll_10.png
eef259f3e9101e81d3a45e0429dc57989f7b41b1d9a44db8e2d642ab6b867bc7,00002319_G_roll_01.png
a1d3d171d60b08fcc49eaae373603bbb4bfc5a32b6c1481059678dc222840278,00002319_G_roll_02.png
79146920a8118ac0e36f7ce9ac6b03debe86af4c50d21806f08c9fa3af272549,00002319_G_roll_03.png
23c471967974b8e36e8333d8f0ba0c1a2300142538fbe49c8a5d2c003c582041,00002319_G_roll_04.png
f0ea0e22eea6a6fb04fdec9c94c8081fd9d4932deb510313cac1b08f928b1d70,00002319_G_roll_05.png
7391e6905dd239c7c30159edd3da29115526947edb9dac5c465518bca5d91212,00002319_G_roll_06.png
07bd594c1020a71821e711cedfd351a577b1fcfdb8b411aa63466d8e66f77240,00002319_G_roll_07.png
67a9f1c612512c3ae99d7a0877c71bd4df1e065c75bc76a57785bf127cc070d3,00002319_G_roll_08.png
c29e23e5eed3903791506dea00fe2b0a529a1de4a1ead894f68828cf3f824442,00002319_G_roll_09.png
409f30012a8b08523a951639a048a5f38882cf382cc932f3ed8670ae8e631046,00002319_G_roll_10.png
1d2d243973e98d0c63e7bf3b3e8bd4ce3e8fd2129f90a767097305dcdd21603c,00002320_G_roll_01.png
0af3b6be0cbccc9be99af8da16546c29efbea5de784e615b586a5bad1f82189e,00002320_G_roll_02.png
c4bd0827a725f78a3ca55e9a62afe0e3395e8f822d3758d8c90b114e82c2f5b7,00002320_G_roll_03.png
3a602bb4668e144f0c6a47cc93f2f596c9864ae25a8a9b6e07564133c396b39f,00002320_G_roll_04.png
444ea4b8b9c0fd5930154f9aa9141bfa2e3100c833af6f5dc9e471a673e99cc2,00002320_G_roll_05.png
d4a9a83834e1a36a403ed24449723e7752b8cdcd40f6705679f95cc66719b207,00002320_G_roll_06.png
46e442236d1644b0fcc765d533312ca904de71c8b24930874c5357bd7b392426,00002320_G_roll_07.png
48d73e565658c7af981c346d888633a8694785db48892411c29f093d98231197,00002320_G_roll_08.png
39517757a07799fb87025fb29c494a5dd6461b6b4c7457ae2254c94c0c431735,00002320_G_roll_09.png
7406a3df8630efc017c347fa1f2824cafafbd3dc054ed6fc7b7cd5d38c0f3c6e,00002320_G_roll_10.png
53069a432879abd05fd512523fcb5b115b1a5442b068de2c199e13e2f57f1e1d,00002321_G_roll_01.png
4b13cc2efbb899f9007a66f81d3bdcfd4112d21f885772020f9b6b90ab3e804e,00002321_G_roll_02.png
42174aa2c1d1f4299907df3f94ea44be1de856cf817228f1df2954145f106c8d,00002321_G_roll_03.png
154e4562fdd0836d1d483155bae1300a5db25d7c69e58073407df2ae9aca4fde,00002321_G_roll_04.png
ebbb03a826f35783e6e037b48e9b88665aeecf536978830328c37432b38dd408,00002321_G_roll_05.png
8553ef2cedfa35189b540ce9de247ae31059117374e33cf3f9a30c5bb21f0586,00002321_G_roll_06.png
a8d56f61172ba7bfd40f0b60dd328e7878979e11990c0955f8d8151cda233433,00002321_G_roll_07.png
dc5c944dc7d369be65dc3302ba714ecbfd6206bddada8c6b457098d32e79390a,00002321_G_roll_08.png
ec4fee89442b4dcf167f9c64d4a90daf3a490798a1d2de7b0222281ce8d42d9e,00002321_G_roll_09.png
31d0f0a7a21586cfe5181a0d6440455086726fbcdff971de76fa8a25c5126cae,00002321_G_roll_10.png
436ce2ba38b76f06cb216459c80ccd94b57d415625bf676578fb169e32a1e7e7,00002326_G_roll_01.png
f3aa47b8ceacb89a3c5943f39d3bc0cdeef4654c23f3f418794eed175a52b4d8,00002326_G_roll_02.png
3b80f8174944c11e2984d26acca8e1da381527b3b9842c4716bf8de1f7447e83,00002326_G_roll_03.png
29a3e0eec572c1d8249feb03d1eb4c3a197f50d981ba285ed42712e413ef7192,00002326_G_roll_04.png
d1ce81e051f1ee6adcf6b387d2bf2a166e5f47f71a7ea371094a9ec17869c1fa,00002326_G_roll_05.png
b99d4bfb2cde45772a56e2632b0c248c6c82d47110441452f8826fe64bb53baa,00002326_G_roll_06.png
de87ce783fd92c53d5def111cc4ed9041ccfd6f9ecd55582e0a262609323b156,00002326_G_roll_07.png
de254d08c49af8af817f18af81550acedc6584bd2849257affb274ee5791ef20,00002326_G_roll_08.png
ddad2a18889f3143151f2a1f44554d9db3f99960676ba56c9e2182a221c1bc74,00002326_G_roll_09.png
1a57f78e6a7f4eea44e9eb0969a011669820b4427109b6a62be9b297fa70f46b,00002326_G_roll_10.png
84ce56a8827697f2705ede82e422fdbb56f97ac31af37092bfb39723170e75cf,00002327_G_roll_01.png
97f47855792de67ff8e17e467b28897d82b365b73f98c0c649604b44f6690fbc,00002327_G_roll_02.png
3af46635e02b9c5f0122615fa427b1a2e63774fe51ced62a703b74a74c8fbefb,00002327_G_roll_03.png
a00e3e38967ed3c937902c91a5acd2df0bcc3ba81cb2e5edb7173b15f5fb679e,00002327_G_roll_04.png
a375000aa4531fcfb130a853147dca51e76cf77ce614cc5d2610bf1af94f7367,00002327_G_roll_05.png
0ddcc4e27f84404c8b885f077632b6d8256e8530b27aeb01968d20cb799d7ae2,00002327_G_roll_06.png
303b430b83ae5097d21c8a25ec7986ae380ccd95abba719c0030cb01a8180ce2,00002327_G_roll_07.png
f9d70201511d7569e8f9845587ae9585865fc8b8a4f40461e1842067afecb090,00002327_G_roll_08.png
ca802fe5e29b6ec987f0af9ee8d61a051d5e32fff159188bc8613a8366eca3d3,00002327_G_roll_09.png
fdf588b89f877a6246e988b47d34a6a994bc9c4166057f44a816cdef62dee7ec,00002327_G_roll_10.png
b408f03cc4238502de5e4e27dd59aa33a5df6fc994905da08b01c5e7d9fa2eef,00002328_G_roll_01.png
891ddc5a39e345d7494133fea6d0f96d036c3e6db7750b3bfe3a4adc461e3559,00002328_G_roll_02.png
1c74b10793ea7c2b1c0b047efa48c6672e5544076921840a1c54d004e34314eb,00002328_G_roll_03.png
a208ad4c6c6d10c2d9722d0abfb64c042273d85c25084c869df69c0dbfb702da,00002328_G_roll_04.png
ef2c7c6fb360a549ccb33e054b1c06ce254fc601c8debe1d33b80d38d4d75f41,00002328_G_roll_05.png
dcc5b96acece1b12d4c53c68a5defbe22ee3a94395a5bcb8dd5f6bf0e7156432,00002328_G_roll_06.png
15b02d5610d3ad06be5519c628d6de6cd29fe97f22490cb99f1c6f6ba76321a3,00002328_G_roll_07.png
359e1ca5636fd45b3d94e1d7fb3c0c4abfab4da977f77db0b04b581bf88019cf,00002328_G_roll_08.png
e641de7d75df975a2087502d0d520126a25ec3aef6e157e91a31924bb6afc10d,00002328_G_roll_09.png
1993efab615db3cd7a2cb3140ae2f7a341a50017b1aab211e7612e1dc4d5d940,00002328_G_roll_10.png
ec441ee327710e227f50cf79c4390263901c83f0b777861f012c5bf5ce3f22a6,00002329_G_roll_01.png
aaac65abe61541b623c0d3ab4c8da413c9f46694ed9f41e804eb8162f2259917,00002329_G_roll_02.png
cb2f33d24d79bb1fcf0daa7adf3b6118161ed59fe38df38fda1c1abdb8c09cb0,00002329_G_roll_03.png
e1f1dea4c8c681584e9f8523e3aa5131d02ba0bc2c86f45e8159b1965aefcee7,00002329_G_roll_04.png
d390673a03bb7db0dd67bc529767acc8ac5de1477d50ecab6b682f1ed1812315,00002329_G_roll_05.png
0522f466d86a1b278e99b22f57b73aacd1156cd512405caa84736f9f98027153,00002329_G_roll_06.png
012495cf360a6cd17e1149b9cc732053150936e70b5197bd82736a37e0b88eb9,00002329_G_roll_07.png
6a55af5c893769a589268251d6e5bde8c746d88701cfe3b7bdb36f502860baad,00002329_G_roll_08.png
73418824c5bc9b095074f2ba72d283e04457f78e59f99bdf63008276098613b9,00002329_G_roll_09.png
e665514269d2a8b609625e88ef5c8bbbce22b25831a253c8d118a7cc61758dd6,00002329_G_roll_10.png
b9f9be9043aa305109a9ddd983280d0777267c8e1c1ad0e55804a514393cde3a,00002330_G_roll_01.png
aba8d7c457ce619f170b797aa46e12e814c2a4f879ab06f5e7664f3306b95a9e,00002330_G_roll_02.png
3c62b9373ce941ac6788de9e8abd22cc0e500ca99812c272b41e2f28a83c0dc9,00002330_G_roll_03.png
22e4a1e4057c8526be8f9233946a1e8df47c4f7d4cc164d40cc9c4f84e208cbe,00002330_G_roll_04.png
fe2df4f648beb127a01fdc05dc338f5172880164cf430c64db07b16282aea721,00002330_G_roll_05.png
c491924dd091f30c9d9b851294994140316db0a1fe2245dd6f757178a58c99d4,00002330_G_roll_06.png
6304211877641025d01324ab442aac165c2ee976c2cdb9273ecdb20aafdfb694,00002330_G_roll_07.png
fd8ab98f68ae81c35daa8ba5b884cc09733c94620616feff66dc66bdbd6cc128,00002330_G_roll_08.png
c859dabb961a7c2eb2c5251ccc8fc6c7a9984dc84832bcefc6f2724513d94fe9,00002330_G_roll_09.png
f9bc818a1dd6c87e920915512e9ea2252a84fa0738c470361ec8d5498f30613b,00002330_G_roll_10.png
11cb3194539f5f09ada8e3d12099fa75e43571458f5b3ffc06ace63d8ce36732,00002332_G_roll_01.png
14771d3057bf251b245cca2ecc87e2a9ffdd900f6a061ba9d12c2b607aaab8ea,00002332_G_roll_02.png
1ffc4afc6f480e431ff0f8a9dcc635be50cff65676707aadbd92e55884724432,00002332_G_roll_03.png
d7fa2c60d76bbb5ed4c0867bc61bc582c0feff6c95ffc6599754d26b774c2908,00002332_G_roll_04.png
294f893c28547e2f6a26fe4b7cf6971b3cd0885b8b5156a69c6c43e9095fa1ca,00002332_G_roll_05.png
92ded710d94f42dbec2f3a59dc639cef40bfc9fc48eff96ffe5834a1459d2f3e,00002332_G_roll_06.png
c35810ef81ffd6c1d7067319eb13a6dd9ba3f56db492d9e4fa2abb388f4f9c9b,00002332_G_roll_07.png
d597f5dc52c73ed214a45451a6561a1f263f5c9b984586145efebf7aaad69027,00002332_G_roll_08.png
f12c021c81d8422e6bf8aec372fd7393ab66801ad5835256c6d7c5cbb8c1f41e,00002332_G_roll_09.png
f9157cddcdfcfc2e035a761f07e68919945202751fb3e6f11a712b969ca81d6a,00002332_G_roll_10.png
cb1459d4b59fe0cc7cec710b8e137c2a8d32103f217578e341b8219c2dc77bb2,00002334_G_roll_01.png
652a1036f58943877a09e75bc83d547fe6f62b7ec87a0c64e35129c8d914a201,00002334_G_roll_02.png
ce2296f88cdedec278a91ac0f939c5b4df630c3f4df81fcbc1c177bf343d5177,00002334_G_roll_03.png
ba1dab087ed21829c9021b6d2958d16e59ad6ced44c0daea047e43968adfaabf,00002334_G_roll_04.png
9bb69a251d019756c76dbe2168901017ecdb4044f6868a445d375b6e9f088222,00002334_G_roll_05.png
fee9587b48fa45e5b027e11be141e6bc76f5b53c43e683e5b06f5110ebe0617c,00002334_G_roll_06.png
ead90781902c738a5f0ed12b400705c4958f83d96b32f5b23a1c4e6c1fffd18f,00002334_G_roll_07.png
6c98582ee8fd589dc3d47c716f98cf3a6902a347d270caa8ac09d8b04953b7a2,00002334_G_roll_08.png
26ee63232227212cf6b3c064e43e45e4113e6000b85c5f41ceca0786deecb0ff,00002334_G_roll_09.png
41853acee64c3b0050234da9b7fe0302c79890fc61a20ca41864a1bf356aa836,00002334_G_roll_10.png
a208366db77561ab3ff12774e77d60b9db400dc37f6d20ab2f576a35fadb9785,00002337_G_roll_01.png
6288879924223aaa66eae93e33c3280130f583fa3db8851b95b68de828c1659b,00002337_G_roll_02.png
89a68386739c1c485e9fc85b28ba1cbb94cbba583b7210d56fbd0081fb1377ed,00002337_G_roll_03.png
75fd6f78cbbc35e8e44be49777d445c26b9852260fe5ada26358737b8ebfa627,00002337_G_roll_04.png
de5b423e185e8bb18a6767bd572f72aa575018304c5698d3c630fd54db61f3b2,00002337_G_roll_05.png
f916e23f0debe1043bc7728b6658561e887e41ee3a1b5a0b3c4402ee1231a610,00002337_G_roll_06.png
7091d645e69b8aaefeb5647e27d00f7f94c987a8ab6f62f6cc06b86000201a18,00002337_G_roll_07.png
5350575acb1a9315beebfd0e3515d00b4b483754c1a5c335449f8c22f4e21096,00002337_G_roll_08.png
2eb2877a18fc10267f6fd0fc4c466276d36d9af2318a83ee5e2b31643092556f,00002337_G_roll_09.png
c78c94d58df436b05ebe711dedaeb5eec1e408b2f9a8031b2e4fd794a1b1888d,00002337_G_roll_10.png
905e2fbde62e6d9490695784e79328ca684e21e817cf1258c64d2805f10764eb,00002338_G_roll_01.png
2504c2df1a5af80baaa2a5ac685ff8bdd712fe1425f42ef8c74845899d89a216,00002338_G_roll_02.png
1e62d26529cfef7d6556bb2f1da3b1d2dd68a40c0ed4458e154b7699b4e237fa,00002338_G_roll_03.png
69ffcc84ff4853f7665651ac918b6f115f49f1d18544a7ac7970bd8e508b5a32,00002338_G_roll_04.png
f135c263eb8ff179064ff655a692f89d254dbc5fa473f6eadc1f9f001a43e004,00002338_G_roll_05.png
3a3730f7bdded3277124b754ea7cc59142b7767e79ae62fd12890b8acc8dbd9c,00002338_G_roll_06.png
f7fb4b4323f3258881227466f2ea655824777231bf7eade62adb3e208f7b803b,00002338_G_roll_07.png
3ad662c68f42ddbb7fe95c9067ea501bfa8d4b5290d2301e35adbf6542fff030,00002338_G_roll_08.png
d672476f87273537b067a0ba3290c1789fbb656afad168a98a2b85eb327b4ce7,00002338_G_roll_09.png
437cfd5b88238bead654b72f436d77d4e859e6139388c2bb6f8199b26f3cd993,00002338_G_roll_10.png
3287cd621246890f107cf1e7452bf53f971d8e818e2cfa4706a9ac7e4abc69c3,00002339_G_roll_01.png
6a0c63d4925f8b478be1eb6bb966e1662942adbcf50b2ce9621105ab618d5f1e,00002339_G_roll_02.png
8424666e43e1bfeed710c3a3f9ffebe1eaa36f4d3c3cda4a1576c28dd9e6d708,00002339_G_roll_03.png
5679d3f1d82884911f0045512b53fe61d6e486c337559160c9cc915026ef6f54,00002339_G_roll_04.png
18f388f04333df9b5f0296636b4dd51d06ae964dccd5254d719ebebb8b7e5f73,00002339_G_roll_05.png
8214fd0c5ca47daf390e96cd03026a78df8d8a3d490196cdb45c1de3b60a9c5e,00002339_G_roll_06.png
b48fbc1d2e78229b3fa40ea1cfeac6118930413b58fe1552d073234e2461903b,00002339_G_roll_07.png
404ea8b91d2950a78cf62ce8afe9b6e3d9b67f2b94350c9fa44b0e47541ebf34,00002339_G_roll_08.png
aac77bbde1953c29aa5454788bb796e385f735d5f0a6bfa6786b64d14f99220b,00002339_G_roll_09.png
e15b61f1301cf64e4aafaa8200714474a90c33d07aefc35bf5fa9be3ba0f4f45,00002339_G_roll_10.png
e043bc05601a649ff3f20123877b4cc1c0378c6f65a9979ddbe62a4fa72fa9a2,00002340_G_roll_01.png
85ad517aa53b05f95b2146a693ff55cea22530affd25bf572ffdbc2df9e880d7,00002340_G_roll_02.png
5264656e1a89cf81a66fd76f851308b0b990969c90c6a9d108b86453135ac3df,00002340_G_roll_03.png
f65e9b175f680c516c21da690b77c47aab3cffb8e80f3bff11489b4d54ccecf5,00002340_G_roll_04.png
07798f365cdf514d517680a34b03e8678fe1d87c5405b04d5b362e47f8a04489,00002340_G_roll_05.png
8bffc1c11d57e7d48d85617766759180608de685132f34d0c665ac1a078f854b,00002340_G_roll_06.png
2305d490003e3851f149cd7b82dd80d3f7fbdb763d7dedd1485029f3a312dcc5,00002340_G_roll_07.png
f92673b09177590408682124d3c7e5cf55f1fe4aaf1df3a3817b28cadf4c620d,00002340_G_roll_08.png
555e2df8b2bcf695e25b8e6aa8a3be12016c65ef378701e9cc402649d96e6e22,00002340_G_roll_09.png
74f333dfaf20375e043c6ce2fc7714e61023ed50c25455b6c65475b20425e98c,00002340_G_roll_10.png
11285b658710d0c6283c7f27bd3738c437b21e5d90d058909da4aaed5d80bf21,00002341_G_roll_01.png
62d5d4c9f23126f02c6119a1403e619239c35a6903a05a7208187aec870792b2,00002341_G_roll_02.png
57424c2551a8434823a0dd0e5f20d51a1b23beb2e15dc1f5b96dc05cf894544c,00002341_G_roll_03.png
16c03a5e22512174dc6d1f8b867a5ebc9b5ebc34087f537800db8ae79886d352,00002341_G_roll_04.png
b013a93e7e2775c9f1bf5f5c0cbd96553dd8ab03a23e335e72f2cb7bfeb75752,00002341_G_roll_05.png
c24ffa06418183bf471fa32c832f8a1a72e3b224bd10188efadb5db02089aefb,00002341_G_roll_06.png
af4cfae95aebc9f936373e2c32245c59870b48879174e1ecb91be698f2e52ecd,00002341_G_roll_07.png
50cd9a32898a354cb7780e56f7572a25bd399ba4d37c2c9caf438b8a95c8fb94,00002341_G_roll_08.png
9848bdfc3949b4ec3fe2ae835f19c5a3b9d9d2c27890472c169643f7919d8898,00002341_G_roll_09.png
48b91451e928e1db1ed6c87da0e1548f3207aec9fbd9405e66f16eb61891e7a3,00002341_G_roll_10.png
bd1e03bace75529cc5351c018d87cdafd285f5f68e4a9025105261c1fe991542,00002342_G_roll_01.png
4182f92660cec9cf90227684481e74a3a8d700615309baa1402a62aaea8bb87a,00002342_G_roll_02.png
4b3c0c1af674e839a22c15a7f91b9e0f66807806e8e409bc2b7706551d90c73b,00002342_G_roll_03.png
5731b47cc79e61188a6e40dd944cadba6ee3110ac97238b0eacd5d963eecbe72,00002342_G_roll_04.png
ad4f2f69fa1f2b65cdb25e78fc046c2b7d44355b6db1cc9157adef1f9de1a4ba,00002342_G_roll_05.png
c69f8d53cfa7b8d95bb14bc3e3e35dfd9bc074b516f611ecede816abd30465f1,00002342_G_roll_06.png
657514f5c7230173fdf4124aa85859561adad0dfca2c93fd8b1fc67260d6f0f1,00002342_G_roll_07.png
c2772140172dc78877719488f5117baa11a86a989fa37d83ec83fba56fb2c461,00002342_G_roll_08.png
f171f4e2d804d08150adc7eb3e8b6fbaac2ffde91e30c9436ae4d9e9b8764bec,00002342_G_roll_09.png
fff53a24cdcf21431c30fe8b898ea0ec0f8b8a777191081e5f16c878755c6587,00002342_G_roll_10.png
b9f4f7dbf713286f0439b9fb6192c99618342c2ef60d48ddb3587dc15e79216d,00002344_G_roll_01.png
9179779db03adaf9ae79d8717101d153e92f67b17b14bbf0a1d74d8a9fbe2367,00002344_G_roll_02.png
94f9462f64d3413e594608ac918a8ad576531d4f1fef5a432ce3a3d62c35e0b8,00002344_G_roll_03.png
514ea6c798bbb3842a415972808aef7c285a3804ea8b39a18da9755950a9d5c6,00002344_G_roll_04.png
3d226a7b5d7e4cf25f864611f4b2d0a0bc01c8ee9d71ca90ef17c429038ed121,00002344_G_roll_05.png
fc1ca959c08b2416b1e61bc4edf865231c714f880cec6d09065cb4a6e2eccd6b,00002344_G_roll_06.png
560d62e7547d048233a80872d0ce87cf2e581127f1d1adc132eac3dd1882e00b,00002344_G_roll_07.png
b6a8e58fd9dd121249a9e24b17910ea3c84caee289c86981e3c0a703d943b118,00002344_G_roll_08.png
86b4f3a053c8c47d832b1b6bc067ae3e28754ece0dfd61eea63817f8d98e980f,00002344_G_roll_09.png
80b8fec2fd8f8803b59c979abb42b650495946d5061789386b1a689a5bc40385,00002344_G_roll_10.png
c493a9512ad2d9ec62d97725df882903e38261ba4e797fcfa404bf9a348b553f,00002348_G_roll_01.png
1c1f13ef29d2c1dc7300f5492a25aa8d2571dc97df0abb7eefc26d820395bd42,00002348_G_roll_02.png
9b698b04353d9527f1dd39945b70b3b5c7df0350e4fa0edc7d6a4fb10c74dc47,00002348_G_roll_03.png
9b1cd1147dd3def249e1d9b797049781b8e1ae08b4f09d0497e13ee84434116a,00002348_G_roll_04.png
c7264d389d802a1c75b2dc6bbb09daca49aedb86ed0c5e819b08ca9d6ba9313b,00002348_G_roll_05.png
51b4767e33c039b1b8a866b5f88fef26a726e50833a83ad9d70ffbaf8ce9ea4b,00002348_G_roll_06.png
169c8a1f63fb2391f2c21c97f66148074b72ea8d5bf61f40f3a3d4e5c491ea1d,00002348_G_roll_07.png
6e44c803776545b28d8c622aa7bb429352e98f036d025cea3fd5e4a20b0eea59,00002348_G_roll_08.png
bc32f71761c73390c8ce504a7ba7ae075168e0a9180da1ed19a9a563e5426486,00002348_G_roll_09.png
bc063491660ad9cadee053302934e4fd017c120d3188f17882e737ecea463246,00002348_G_roll_10.png
cbf884e6c4b906c56781e6f5882d6118ac2de0df81a56f1506d4c2f6ff761ece,00002349_G_roll_01.png
c2aae4fbadacd3d5b50e93519c15a2746f41f2896f61d0f9e6d67bb44ab6473e,00002349_G_roll_02.png
f0f11bcdad2d929fcc31eea7d61b764feeb5be5222401b532352952d95a66c99,00002349_G_roll_03.png
ce267d4a7de01b25c92ac7828149e23ef5f75fa546f5cdab637abe66fef85ee2,00002349_G_roll_04.png
f7bbb2bcfe3752d634704a35bca7a95bb84ea1bb3c78948acad31d535fe8444b,00002349_G_roll_05.png
c1b35b69e5f082e1c0d872cb87fb13cd02c8b4a212042f75ad8b18773fe3be32,00002349_G_roll_06.png
3536012b880f1e171bc03ab0386e6b565eeb131f7516e8a1229c1c3720de1837,00002349_G_roll_07.png
065fea914ef55cd06536944e7d2e0c7b11922858f2f39ea6989f257d0f2ef9c4,00002349_G_roll_08.png
7fcb93f9909c35f704fbe28767c1d35aecc09af653097313340fa9382f16ebe1,00002349_G_roll_09.png
fdff049bc775d646f0369135b33779d9f33ad91b21e5cead8bb569fcbac1a764,00002349_G_roll_10.png
b63d4453b0463d57abef8cad52fc871ea6de001b8731fae566761e4877f5c1da,00002351_G_roll_01.png
f1a5f945f9ca5ffc195c7b5bf5c8a822582cd8482383f8aa46d452305d572455,00002351_G_roll_02.png
3c37a6a0a40b69945be9aede62c7df5704b682e58a730fb36064cc633b21fd5a,00002351_G_roll_03.png
375e7827fb2e8b3bb0a8e2a31d0039dd8c8fd2dca2cd9d45d716604c7d8b4fc9,00002351_G_roll_04.png
6b7dba665af47d740fb590c67d5d16f077cc42303291fcab7957cbd093d30c25,00002351_G_roll_05.png
e523f84fee80da0d3b3539c4ae9fcba8e1f0cd275ffd7e8c6663816391735a7b,00002351_G_roll_06.png
0e7206090f818d382fddcf65db6ac04fbc501dffbf25a385368da22ca843861d,00002351_G_roll_07.png
70a412900f92857333768776b690f5ba31ff0569c0dd3fc123357d90227f9a5b,00002351_G_roll_08.png
790f671d593d59d9ba562c738ceac527cc8002a18d64f0967cbbbca163b75e7c,00002351_G_roll_09.png
a5874fe96d88b9a477d3f9537c6fbb94e127edc5791eb66fa8dbc69f26c5f6bc,00002351_G_roll_10.png
f751391679b70697f4beb45d932e8c092a764e101366ba5759a05b999458cce7,00002352_G_roll_01.png
e9c9436066f2a1178d1c74d2465aca5c7fed2014f5cb2c13e218110d7fe97c7d,00002352_G_roll_02.png
1d0a7cf10c0ade6bfa8ebd524805f5c124711e1463f578aa0fcdfb1c9bc47542,00002352_G_roll_03.png
6e63759a9393bc251fc9033c55b6a6a36ebe4f790628a65ca9fab496f5013c66,00002352_G_roll_04.png
a943f5e0228134a460eb6462ff9fefa8bdb435decf726707e15357cd316ba1a5,00002352_G_roll_05.png
75c0f9140e6485f3a6af74cd653d125d536f0efdee4fa08daa1e26ca463602d7,00002352_G_roll_06.png
3dbadee2feeb9619e3fe19ad964fbb4d4d2e8fccebd15ebdae11b325f1fa952b,00002352_G_roll_07.png
65b027749257e7ed356da118e1f863e6af9213929b4f3e9275421f8919ddccef,00002352_G_roll_08.png
8e6b2a02cebd160eb4eef0a521b9070387ae40d3809d190ee844b599826f7902,00002352_G_roll_09.png
9be9ea8e7d904350c5c01e1cb5a39ccf8cea3d0c3feb6dd1e80efde95b2c4cc5,00002352_G_roll_10.png
1d18ca53ca1d7906865fb4fda9708411cc070c70a9290011e465852104740068,00002353_G_roll_01.png
aa34b29579f612f85f3123b1788f075499d743a3ee0f78066c9ff4b788e101e4,00002353_G_roll_02.png
6bdf064da0805bd9015b0c48511529270b31e42101f8c0b89a93a50e8ff12455,00002353_G_roll_03.png
a5f1e2f43a986ddaae97621d1042fc2b07b072edb59f6e64caa361c60edfa7c7,00002353_G_roll_04.png
4e65fb9f33af5533be40c7161ca3dc560a8ac2a94a28b2d2d0f49360a391294e,00002353_G_roll_05.png
d9089b57e8842fe552e8bbb0d1a6adcddf7ea4dceb47ff2c47c551df90c9d114,00002353_G_roll_06.png
0f61afa0ce72f0a4bca974bdb7097e2cba386ee264fb8d553bbb6f92c04005d9,00002353_G_roll_07.png
8b1ef34966796f84a902b8e33706c9d4e1f8df31cda0025122e66fbc5e026d85,00002353_G_roll_08.png
43419d6d35da4f9fd3b21e2a5f18286dee3f6134693ede18a2ff926f7502850c,00002353_G_roll_09.png
6ea9a0ce982ccdcb616db9be69724ff19c46f76215c953e025f973d396736661,00002353_G_roll_10.png
6c209b9afbb3893af7ec5fc05ce5d9967e8267aaf2768515c59f1e2067ad7130,00002354_G_roll_01.png
cad36e2a65de751b6070b68782463bc492facdb2e0e30e37f0e70398c2cb9efd,00002354_G_roll_02.png
be092a54f625b08bb131d0c8dc704a25bc0817987eff3a133946d806f2902d63,00002354_G_roll_03.png
0326adf200912d9fbc62b18bf41a2e8518f18541b89d68b9a904ac4ff116d173,00002354_G_roll_04.png
2e1db1f03e7759a5f2b9b22be37b352e6153751517c6c2bdcc6f867865f95c36,00002354_G_roll_05.png
f829e913e2b0ec89b4d3c3b4e2dbec002c66241514d509ea9d4b90e1878c1bec,00002354_G_roll_06.png
31dc70800539614529301af70127a0ce7c37980d8bd0936b8cce180598571d26,00002354_G_roll_07.png
393a62269bc68a7bded330e5a10e35adf2b96ca76d62ef3f7580a2ec85265493,00002354_G_roll_08.png
28f953f2139abf9bd70c66219b7766b96d31e428bd712a2c96d12a7b2834afb2,00002354_G_roll_09.png
1ff75e5f574effe1388e8c44591af8a660fc0d3fdf45653e674ec8404fa3a250,00002354_G_roll_10.png
9f40db3a2b7d75b67cb7e15afc0380a45b5cb29aac404195de58136e8387bb07,00002355_G_roll_01.png
3c8e08777965445431383541b6fcb27f36fa342c1ef219188531a7d51575bbc3,00002355_G_roll_02.png
0b9f9127cd421b691c1db00ad170666ab8bda4259e91009f71203529e4a0b874,00002355_G_roll_03.png
bbc0f50cbf7254503dc2c55cd95ef81b1a4327223d4ca9746b9b75e674b63574,00002355_G_roll_04.png
8fbf31a71fd707774cb383666d5254689fe6d17dbb9fa22fb0c1aebadb26e55f,00002355_G_roll_05.png
ad88fd0c82bd0b1057c7e5b2ec9f94e53d6eddf6c383f57dbaf90adbf0f70f0b,00002355_G_roll_06.png
87ae7fc70db573df6f4ed4616b4864faa93f8ac03636998f186e5acb54e0acf9,00002355_G_roll_07.png
892e5062dfe39d910b54fcf6754d6b36902c18e2be73abf1c2ef9a8977ec0999,00002355_G_roll_08.png
a29f2269f3fb0259f064c67fd0413b6aa7628fc954051c478beba808d0e1207c,00002355_G_roll_09.png
2076751bbbc73a1ecb109ec21c2b1521d7429e3d13c4bf1681168c1be79d6e82,00002355_G_roll_10.png
5eee624a760f422843888bc8f995a7d275f598edb31c79a579eba2bb83f3b694,00002356_G_roll_01.png
94eb120b9d347ba3d1c11b0c5ba0804de3d1546badcc8c9c84bbbda22aa5ff7c,00002356_G_roll_02.png
64b8be23b734666af19f9d9560a44c8db789525b2e3802195e25685e18259d8f,00002356_G_roll_03.png
b80d74d548cb5cbaf19c95935905a63300817f96dbeeabdfc660ca071e04a51e,00002356_G_roll_04.png
fc9386d7b1dd0c9782e6a632e08396180c23caad839e1664b8da53c81fd48485,00002356_G_roll_05.png
2029e171bfc4382fe8a4e2979bdf4a7db6df40dc5e1129eed64a39c61e790b41,00002356_G_roll_06.png
ffa414af308405bc9c99936742e4cb0d6d02bed2306fdda22526bf8e8d9ce6be,00002356_G_roll_07.png
8403e88f3d72e91d565361986e0f2cc469ce9266ca36b50510a4f22acc0c4f79,00002356_G_roll_08.png
865ef9c5f523b225666944dd2aca6797299f7b90040103bce3b40927c48b00f0,00002356_G_roll_09.png
7ae1e6624feff7c5484cd2a2518b2789d96c5de01124a33fce3d722b1604f9c0,00002356_G_roll_10.png
afd724d4105736fa320a4667f27db10eac571724049660dbe25c0665fe4b8f14,00002434_G_roll_01.png
54c46a79a5c2a3f90da09594c4b43309a26446cff63dff62fd610266640f538b,00002434_G_roll_02.png
ec61fa37c2a4ab40a58acd08f59bbf406c73e59d4c0c93a2a5a2eb81a2a2b299,00002434_G_roll_03.png
4a03ee3272b5207251838bc3b0f54f800c26411ff52a1e82c63772df159124b4,00002434_G_roll_04.png
646cb7f1a2828eec40757d8e6a6845b5a48f5673c1126f7b2de32a7374a059cf,00002434_G_roll_05.png
65e25b99dc8f51b5d6b828d11481a60aa28df5766877d04d144821961560b7fd,00002434_G_roll_06.png
8063f34dd6915064be820bbc168fed81f508d81be05a1ac458b427ef715511c9,00002434_G_roll_07.png
7728a8c8c8adca7fe974e745b7a2de6c601100f4bf1a9b7fad542385a0d16968,00002434_G_roll_08.png
e481ee5e36d9b4de94b5485af2a9fbf93cb22b501db933fe979eac6621d12896,00002434_G_roll_09.png
b389b416663fbf2b472c3b0379aa93fc9cc43fa001bf63c439cf4a7a157e2a7e,00002434_G_roll_10.png
a0da6dbc9b44ab9e1298e09d42ff78d34463b2a2ec73bbdadacde7a40d629c9a,00002435_G_roll_01.png
04e435948de331311e41718ae2811abb37a26c7f07a0952877fabd4e2cb1c3e2,00002435_G_roll_02.png
b4b235a958a4ee05cd9764fb4b9b024ccb70af154e15e9b71db758f2d4a3d6a0,00002435_G_roll_03.png
02902c8b5e22575734909f50875296b2eb5a97dc78ebdde1e90d61f1db397089,00002435_G_roll_04.png
1a053f9b75c05c29b03932bb3ad256a943be1393d85ef098b2f17a3418a4720d,00002435_G_roll_05.png
109a6b96b1454b49573236293818ec817648b511a7d552b3c68c1029510aba6f,00002435_G_roll_06.png
ff641963b71e44059e813f57c4f4325d6afd57064692e0df2b877247792ea7c0,00002435_G_roll_07.png
c5710f618e7abcf29a629bceb5e418861f87cf971f4f386456e5c4233af7ae94,00002435_G_roll_08.png
086724c59f5d12e7bed455e1a9ac512085e80e19421dde1478c3b92417aeb0e0,00002435_G_roll_09.png
e3ea4a55f15a3c4edb67015e560c37591878c757092251bbf7fae0ffc4a0d74e,00002435_G_roll_10.png
4e1bcfa127cc80597e16ff05669b2e4d375945d588b1dea7d6ef1f2abaca2743,00002437_G_roll_01.png
7d299e25cac138fc46c020a94ab423d268e03149cc1b0ac4d98403ca1da12558,00002437_G_roll_02.png
9d69a1d6bfbc36814899da2cc152bcf4dd3d2ff1f8264c43f723a5e8a4e84f3d,00002437_G_roll_03.png
b9eaaaa764b7f3102d04ee6a62096e2c3cf3a87c5e546c1c1894101002de6475,00002437_G_roll_04.png
5b33cedcbdb3df81021346858cca98b5a3f882b7389082fad1f4f2938bff5a2f,00002437_G_roll_05.png
40054cfda99abc734f7e4e7a99eecde20e9000112d7cbe045c2d7697ebf6e2d1,00002437_G_roll_06.png
5486342592356c6782572f8762945c588463bafac64a017fe96e4a743ca41bbb,00002437_G_roll_07.png
8736eba0aa6f2f53c0c4b458e466edd2b276f268b5b63a92e270b69392ebfdd7,00002437_G_roll_08.png
39039c208d7d883f3f1b6359b25cf5b76af1016aa1b65271fbe644f222583b33,00002437_G_roll_09.png
d0edd33b189a9abe71daed35cc17720db3bd2f2f94bab9495f893aa9356addd3,00002437_G_roll_10.png
d47bb9dd4c2cf1be8ff4b32e51dab1053af1a005b28b62a8d77eabea7eb3bd2f,00002439_G_roll_01.png
96afe7c58a6d8c253ed275a09030f9924231b7b965e93cfc1fc6d213cb521510,00002439_G_roll_02.png
f7424d7ad1be767d0d1babf2c940361112026072ba7415306edf000d33784710,00002439_G_roll_03.png
0b8d428b2b3c8800d5b541f9fe84a8ebd18a3ab839f86be0839390b3afa8e020,00002439_G_roll_04.png
dddc20aa9b17330b6a48fde43377a38a0792572b1847b2d1ff6f59ca5766e852,00002439_G_roll_05.png
256b2b9dce7e40d2f5d6f0ddcd93d0883dec4645e750e15f957a3b27e63602a4,00002439_G_roll_06.png
f052667fe5e7c555c16e39bda2cb54b9907dacf277ad2ce75533035f76dd0031,00002439_G_roll_07.png
45a8442ca9e1b87b4131279a97d2b6fe6fc232f7eb3423c40ae4368e59cd392b,00002439_G_roll_08.png
2a927433237f0fd8bd6a21209d1c093d064894d6ee63bd12d5d817252411613e,00002439_G_roll_09.png
8be16235537ef0f7d79078a7dddf71aa2eb00c53f695b1f5b171e59dbe68f67a,00002439_G_roll_10.png
68f5c6f293c5fb8bbc79e3b3902c9f0b52e370d4d41b78bcf6d71cfcf2bdf244,00002445_G_roll_01.png
58e811dbd27ebc5bbab836f016068e26e99dd4c7e7ab8355a21cc9f39df17807,00002445_G_roll_02.png
97c1427b4f157f7366383e404a76c5588ce2098f7d69448f36f6906726df1852,00002445_G_roll_03.png
1c9db8be15df473ecf0634ea60130ada22d42e61dda56ffe6461d1ba6c951c8a,00002445_G_roll_04.png
f9ee5b28f433b105e7469ed1da315b019cd49bea2605bb19c96057fad2c7e3ad,00002445_G_roll_05.png
919b6967915975b6fe9d3a9aa7ec7126344803cdd805a31b8575bc05fc2814cc,00002445_G_roll_06.png
9b295b380db71b1612350ef641f37b021215545677b8b11ac3dea14999bc6cb7,00002445_G_roll_07.png
bc02a4e4dfee0d693bd15d1c6d1cf2ec5c0d1b98983c424fa2bfe0c373231c70,00002445_G_roll_08.png
24a884ae7c27611c1317ae479e18538683dd3139b28c3a5a9c9a8dac7f7bd04e,00002445_G_roll_09.png
5f4123f693ea2976bc29e4402f6bad9a0ad5a4e103f5236c8ba6c8d195cd3d36,00002445_G_roll_10.png
9c36520bb205ccab24cdcbd9688f014766566e5b7d48b65e302f62372e2c63aa,00002446_G_roll_01.png
18f3c74542b2d0b0b8d17571ba1a2cda6c8dc7d4dfc528c2c6ec8c3e6bd0bb08,00002446_G_roll_02.png
dc8e12198d5607444694645141b3105d8ed294ace04c28f455d73327d534f216,00002446_G_roll_03.png
a757c57d6b7c13bcbf4e9e62d6ff5fa5349756e519c1c4eebf27fc90ef84c37a,00002446_G_roll_04.png
571aab3833bdf3c8b1dc705781e59f81029afffe20bea10ea11939465b7f3546,00002446_G_roll_05.png
0b3cf566eeb49f170fecf346f41ba231917b26cad1001770ad1a86d3b936fb03,00002446_G_roll_06.png
e7e2ff6c58abe8ce7226910ec07a1e71ba7a777b495f6a325abcc2b234d1a8d1,00002446_G_roll_07.png
d15e982d6cb51b330e11a918253918bfacb326ed789b61c6cbc4f8273e0dc0d3,00002446_G_roll_08.png
b069bee4c3a468955c70e3f1fc997e2fcc5b4c8b14658d45fee3c1afa59142e6,00002446_G_roll_09.png
5935bc7323199840de70430b041688bf15e302f74be1f5c9ebd977d725c2143a,00002446_G_roll_10.png
40e9b933ae72a4d02b94c2b8449da4910dd145a2c85f1bb8fec2affe2f2662c2,00002448_G_roll_01.png
e4cfe96d58743c620ecadd7e90579a30e130fd544a802c79599c60863dfdc489,00002448_G_roll_02.png
2afff5879cb1c066c911c3851dff2daa5a158c0a41fc099823e72b212f924e17,00002448_G_roll_03.png
0f3c47e84cdd1beade2ab1e3584a4cf2ff4fa97722cb76f3dae699c639227fdf,00002448_G_roll_04.png
4473247652ee9420ee0560f08d7003dfaa6a3741d81888abec1c10c463be9480,00002448_G_roll_05.png
b7a862b85dc31041e6494c3987254ef2f5dea09a8d209d9b96fb5a68dddf27ca,00002448_G_roll_06.png
4dd93d48040586a69fd50e5d8df5bac5fdd14cbf0dc3c311dece1b803f683e3c,00002448_G_roll_07.png
dcf10dd443416ee1a3f042928a158410d33e860e17c61e7a87fa3b8306afb53b,00002448_G_roll_08.png
a27716c6e4d6dfaa6c57354e42a90a8982ebc280b72040bf7c6ca15b487b836f,00002448_G_roll_09.png
75892233c8d3fdfb6cc37d9df50d0bc0bf9000c1ba825c7f4a5821b79004cade,00002448_G_roll_10.png
1bfcc5bdbe969a03b47fc68517a038ec74c77bc4fb7b4f90d0acf40017435d8b,00002449_G_roll_01.png
4d21252e49d7a249d1c5b41bcd0f46de4264f0725f573f1a8c00a5e3ce84693b,00002449_G_roll_02.png
a42c15de722bb7294c27cbfba082bbbb57f953d1981eef017ca8babaf0bccc71,00002449_G_roll_03.png
511d718ca5864e6c1711d9ce2d931ed4ed9515f0a64fa9a98f56c65767b5a866,00002449_G_roll_04.png
593fa04b59f5f330847bad81d6b44f444a5e9b8f020999e963f6139bf9705442,00002449_G_roll_05.png
df30dd25113ab2d45bd09f9d7cf1a046c2f7ab905db02446f54cfa57d0b2c8ca,00002449_G_roll_06.png
c54a56119ec5745535fc7c68f8931aa86faccb1bdcaab9aea1945efadaad51ae,00002449_G_roll_07.png
ce29939b51df75b605d11823d398dc7fa73b9f9a9384a8992a774411e80b6621,00002449_G_roll_08.png
a6abf09d805bc122f0321a3f9fb5e0816a65e3ab8ea5ecb040dd72ee196bc072,00002449_G_roll_09.png
9111cae7f39e36a7db2e2d0e5fdcf8b8d4b68da3cd9ad1feac2f9dce4865979a,00002449_G_roll_10.png
210c0ed853d03fbe6786794cdbe11fdf5fea9d70d1fb37c5061f9605e220e41c,00002454_G_roll_01.png
276d3808d35f15d34f80c559c2c9d5745cdc0a6d76dfad71ed893a41773a9337,00002454_G_roll_02.png
1c9ed950d8ef1b1e2136bd96f80586e17339aadbeda9fbb15197302f34ac5c96,00002454_G_roll_03.png
3a1f76d0c334fe2a3fdd6f94462c25769d003b1cad0b4dff859f14aea0e77deb,00002454_G_roll_04.png
f733db3fa38d963ce2aa65bd967df17c06593745ad86a970c7f30866bc323b1a,00002454_G_roll_05.png
ae337f3292ea1ebcd448edee3243ca45f6acff8a69a668cb3c26f09db69d9679,00002454_G_roll_06.png
ceb398dc57cc71e6fc6d70f6d616e021bcde475ff73d7812ab400b8d783ab6af,00002454_G_roll_07.png
5c8f8142ebb4cd00a02ed2add52b816e18cff017ad10784d628d75e78b04268c,00002454_G_roll_08.png
45731d882dc74eb188a3ec86e7dfd9a4bcc4731a46169b07c1930fb77f5cc1e2,00002454_G_roll_09.png
cbf610cc1dc122315e54bca174f861b5fb56be9d69d1e420e0120c98f99fce91,00002454_G_roll_10.png
1b8067673b0efe2cd2c2942c4b3ed6324c293aab3640f3fb2a233bd09cb9cf8c,00002456_G_roll_01.png
b6b4d7a50e84da47d0f15646d2f31a5f97a7f062999170d27f590a9088b2a5e1,00002456_G_roll_02.png
f66fde1485d4ec9994c28d9a42edaaa8b571f05df00fc3f4043c305991799490,00002456_G_roll_03.png
fac753406e0abe7429223501c1dfc5b0234b19bdce550389fd447f5c37f2cc3d,00002456_G_roll_04.png
aab820f14b493f33e451c5473bf026ced2b4029b8b962d88faa0f1cf8344c849,00002456_G_roll_05.png
3a7681c5a1d11597be48275f378e0dcd84b4c489c9016ca97ee6993ae182418c,00002456_G_roll_06.png
2d124db79e054808043f2d1e600bbfb8b11ef330b22b7ad52178391edf3407dd,00002456_G_roll_07.png
b0c375f804002c1ca8e184b8a07b771e794748962de23142c66e5653d95047f5,00002456_G_roll_08.png
9061318e36e518e4e09f4b9f8f6bdd7f9a00c05bcf7a16f608fdcc8b70ecc1da,00002456_G_roll_09.png
c93ae63ff4d2246faf3e09c433c81665e03a1a7c47629efaded62945fe0bcc76,00002456_G_roll_10.png
7d1b4a20795aac389757d20763ec8e46c2a1b0f9565deefa75fbef0b4c31f806,00002457_G_roll_01.png
38eb2c1b799a450b769e0c2429f96c7aec8db1c760a03a99e84944ce93cb4717,00002457_G_roll_02.png
c4cbe6de6df1ed7a0e6f0221ce3f10c493bbb8d69415e172fbc565415c0d3ecb,00002457_G_roll_03.png
67480add9019c16426a2b52e3a164a3d520d1051d13ec1f689c3476bcb63cda8,00002457_G_roll_04.png
b1939beee7b6a2d1f2aa7d8cc7884e7e1c0cbf5df30024284ba5817f418073d4,00002457_G_roll_05.png
8e18fecc452c8b27978f02a8929c500ff7e39d0338f3be88a66cae4781395215,00002457_G_roll_06.png
9c29998d76bde3c94513cdfdef800be005e9b41454f98cb5a0aef7fe19f6ced4,00002457_G_roll_07.png
5f052e10bd61858f08c18adfdc9a85b0e459f07546eb8913b58ad745d45875e1,00002457_G_roll_08.png
c53e4b974354d388cf9cae5c610f182d3471b665f2c8c6b162bd9ae516e9c6a9,00002457_G_roll_09.png
b05a0f40f4e7cc0ae8c41e1c67e2de14f5d20d005fca8730fafefc3856b53c69,00002457_G_roll_10.png
8cc3c62fd5c04611e60460dc8eb120e24590de4dea661e6b19db7f763ede0eea,00002458_G_roll_01.png
d6335544b26d4862653691e189fae4df7e11aa92fd24f2a68c8248d67d2de545,00002458_G_roll_02.png
09a5af70c1d18f291a2d45b9b5f32eae213cb628a6c164a72ce36bb18311c30b,00002458_G_roll_03.png
5267416d9ea1f10468f85da5261cf7fd8500deb0fbad46cd35d9d87f0ace7800,00002458_G_roll_04.png
e75fd4a5a015852b1ce5811a42af6882aa1e25e1be2efc586c7e119d63ce7ebe,00002458_G_roll_05.png
747127c1fe1dc6f34add96e9f93e48e8244a922d723b5ffcd876cff40c6d9061,00002458_G_roll_06.png
142e0cb846b529c4eb20cca3a9cfe1a7fdb795f26e81b8f5a4924221756cd468,00002458_G_roll_07.png
38e979412fee404d47d069994d4705d6f4c21c3c2fac22b577886da50b3b90da,00002458_G_roll_08.png
e351360ed0b06cbc9eee2accd18168a05dd36cc3cade1ede933ffe37acf3fcd6,00002458_G_roll_09.png
4f3926c2b6b28b71a1dcbd369c7f680ff6a4715ad3cfc1446d1db82b958dd2a6,00002458_G_roll_10.png
998de064dd090e8a8444baea0799bf9307e360de620b6ce97dae477181a7e90b,00002466_G_roll_01.png
190434076cbc4baf1675cf38d202aad5019fece052a1fde1ec1e218631b2b43a,00002466_G_roll_02.png
94efdfb4ba174290e2511fea34a5895eaf7fe7f665001a953aa930d482856f6a,00002466_G_roll_03.png
93290817265b1b593e57dfe733ffb9cb92abd3f83c12f86e0b16800b80326e3b,00002466_G_roll_04.png
1780ab804191947f4be6ba3f767fcc59c993f3375ab1133328857bc118dd3781,00002466_G_roll_05.png
49c7b2e75968b791c3340f37afecf2b845351555d3970e972d1dd3cb69173f3b,00002466_G_roll_06.png
256ce2946bb17b80a82bdb015db38cea3102cb7630e5b351477f418488f43960,00002466_G_roll_07.png
045d9c15770f2fa0aafe2e9e0401bb5225b83cb0731cfabece6b53da00527dd8,00002466_G_roll_08.png
42cd81c0d601ed8ca89e057bfc273819bd65e930bb3c19f8610f86aec00ee76a,00002466_G_roll_09.png
da2a6b0f05de3f1337bb228d599bed6ac5a52e85c035fceff138073cdaedf8d9,00002466_G_roll_10.png
1ce5716af90aa8de62ef6646c3319445a82671891a4637db54cd0b5368765c38,00002472_G_roll_01.png
9dc2cba66aaa34003866f726ebf7f92adf62a5364442a3ebb2722d794f007402,00002472_G_roll_02.png
cf19bb2f7d186c10a0e41884c83c4178254d11df2e9ae6e10cb0fd956c81b408,00002472_G_roll_03.png
3fc8f8a012426c330c02a18622ce808d04f805895e27ba37ffcb2aee1caa6432,00002472_G_roll_04.png
89205aaa9c5969343f9396669e0375f0dbf3b2dca9534dc996dc544821b64fc1,00002472_G_roll_05.png
b1a04f39ea164ec15e3d377f550746b68ecca7b943bfef1d5e4a23b91bd4e275,00002472_G_roll_06.png
e18056364253c97588624a4062d98858f6240d26862c02cc86c81832b5e1fedb,00002472_G_roll_07.png
c91966d5fce1c64c9cc2b67c1a265bb23cab93a7bd5fa10061569113deadec6b,00002472_G_roll_08.png
28db3303f441c5576836c44a052b5d65a05dc19036b1e32abbc5d979526967d7,00002472_G_roll_09.png
ce26dcb2e02e1b2a5ab5ae92217975e6c2c8b3ffe837fc68b86464253707f6e1,00002472_G_roll_10.png
ee283faa452c7be649ca9cda703ac27d47ccc3d7dc5c85dedea81b589a7460ec,00002475_G_roll_01.png
9b192e2108b404fb5ef5ed5163fb0f9d2a6a006c9b6e0422e934f5bcfb932dcc,00002475_G_roll_02.png
7881d2ee81f8f21b23487f93c2869790c66dbbde869798fab6cc54a5387add99,00002475_G_roll_03.png
2fe99cbd85ad9d318a8e1fce77c69ad185cfa135de56d041495baab69ef73059,00002475_G_roll_04.png
76a76449196f190101275cc8d7a398e5903a7d41840cfa0f18836f813d7b955a,00002475_G_roll_05.png
e41cb3c51ae872775818dda383ba114183092ee889b7c33cb1d3ed2ea1bf7ed1,00002475_G_roll_06.png
f144f6dd81cc672a387e3ba71ad66817c1aed2a36d0c5092b04b8d18efd9ade6,00002475_G_roll_07.png
caf104ebc8d3a58fdfbcdcc4cd4a70c080e349aaa424747d88f5a08b533a8cc9,00002475_G_roll_08.png
f5900fcde1ec380c097833f6a93fbec64eca73c0add8dacc51f965d9d27e454f,00002475_G_roll_09.png
b95f85485486ebd0d49ee3b7193a2f661c2d9ed422ef0b911f5473adbe29d1da,00002475_G_roll_10.png
65ac9af2ba832481c3d268eb8baab3e29aaac43782c02762cf6a1fee3e201d9b,00002478_G_roll_01.png
bc5c0f257d1ab13cb370d0318d0a349e4463a20a54dba7dcfdcf634b82a5610c,00002478_G_roll_02.png
29da2d569a93a78a1b32e174647a62c02839f284959c4b501fb2e5b7cb92bd1f,00002478_G_roll_03.png
5db3f75a3251c3da61da349ba86e42b7614eb2130ca9189caabf2ea1e3f421bc,00002478_G_roll_04.png
ccefb607d2f43173a354e8092c9a456eb0edfd92dd47760ee86a51b71d978b66,00002478_G_roll_05.png
61c88136071c2b0cf13c6a5dc5266f68fe06acdfb8149fde7b41ac1dcf23f066,00002478_G_roll_06.png
97ea14ddf09a90e4f50ade8de942fe091bdc3e66090b8b794632192ac228551a,00002478_G_roll_07.png
2f9f8ae665cc634a8140b718b160d1f1064ac8bf61c9b6132dc7e787a82d79d3,00002478_G_roll_08.png
690951d6524a2949b157761f50ade60df6000d1d9ea985555c49b7f82f174500,00002478_G_roll_09.png
fa71ecb3dbca1c5269fb8bed9f244f72faeca1db1ba08548e13f2549c242a701,00002478_G_roll_10.png
54c4c4d7b4f1e8f705905bf9ec81c7c29e9dd89d175ac3da1c159bdf48013dc2,00002480_G_roll_01.png
dc03664cebf328aef201c640180201e7291ef7aa98d754cd7f7a7f87aa7578cd,00002480_G_roll_02.png
3410b84b1d0ad7d42b2bb26e7a911fccc6b3b9f2beb9ce461126a36aa94fb77e,00002480_G_roll_03.png
eaf98bb7a5d8be401df5bf8e865288910b69afa98d1326de50bdf7bd7c971499,00002480_G_roll_04.png
0c99c3657de51b4c799209495efa6c7b2ef34195d92fb16b33e7aecdfd73306b,00002480_G_roll_05.png
e76e6ca403288daea1a4eab1659c2712eb3788ae9b24cab9bd7b33d191316c1a,00002480_G_roll_06.png
b9a42b9697a97e55c4c39d692c0d07d3306a3635d9e37b197d793b56afadb295,00002480_G_roll_07.png
d7d29771acd7a1ebb0f8c019c4cb3093aab63a79602e6151bbc169167b8a933a,00002480_G_roll_08.png
7359680a78060f628d6735ae2cab3f8ba7d274d2786c625dee695b3a8e56a666,00002480_G_roll_09.png
ca4597043e96c967285fa5e65fbb34258fb0acb78e727ead0175d65b4660d27b,00002480_G_roll_10.png
69690fd8cdbb7279f23ec1ef69a2054c6c39b7a58dcb4263f96e3e7b501772d6,00002483_G_roll_01.png
56943b8f84783962cf2bde717e3f800d9b2f6ccfe8593c1360b7ee1e700a47c4,00002483_G_roll_02.png
e0c403f2e0a42ff106a4ce0732999164c45524087fd67dea92b23f05548ef380,00002483_G_roll_03.png
d6fc96625d5bc70c2b77959529196759c9788e16341921afc8db1e93ab27a167,00002483_G_roll_04.png
c9c7417f2b28fdade3113c552b34813b911ffc719bbba7a4c3aef23e870f6108,00002483_G_roll_05.png
a15cd734fc8ea21d7bba2cfa2ab70183a2f3a775921ac332a7aa90225fef4fa4,00002483_G_roll_06.png
091db9bbfc784e31e3fed8f583777f806234f0cee1b71c9af380d141d7c037a3,00002483_G_roll_07.png
ed3ff81477f08d760d4d37a8e8c6cdbef9fc3800d956d065b33f6e941a6dfc2f,00002483_G_roll_08.png
232c9440c042e5b65c0dd5bec07ae52787d367f644d94da1261a01d35b479d68,00002483_G_roll_09.png
38b4aa3365e80af6bad5d80f6bb0cea9e2a33162f3f3de31833faf5581f1acc8,00002483_G_roll_10.png
af5ffa97a0b9bd98e5d88a84316a22c3b7c1c14ca4afde137db2c526e063b613,00002499_G_roll_01.png
cb215d8503cc244bb4d5555f7f09c8871dc39039767b936030f3af480fbccd3a,00002499_G_roll_02.png
95395b07a15b0088a8956b1053911c45a599c4f999ba79826f4637b4d38d4336,00002499_G_roll_03.png
55374ded9c5a11ab8689130ef0be6b077ce5db788d6b53db55f58aca8a4fe02a,00002499_G_roll_04.png
821bfed3e82a54333de4eb4d5e1a7bd5ec396f925fee817b08febd5968e23d5a,00002499_G_roll_05.png
27d3edb8b1ac26373eaed60221012d0ad828174f5d09c597b7d3591d86eeafbc,00002499_G_roll_06.png
45d7699c8af82febee17eec9299e849def5b4ab19b8f857af2d95ee485568757,00002499_G_roll_07.png
3092dd9b5d78f185da3ff67eb79dff219da2c1f220cdfacac3c962b1a179228b,00002499_G_roll_08.png
6407b98e95b3564ecd3f5a4dec80704c2a27239feb63f4c7099839b350dae1a7,00002499_G_roll_09.png
78d8ef2bc665f4bd11149c2e62d61a54621bfea260b09790c5cdb59b7aaee867,00002499_G_roll_10.png
4ca11180fbe30abe863543d453689ad86e88cb55e62881f5019972570e5e7fe5,00002516_G_roll_01.png
c2f767637865ed4e786c88e8b319a0765f73e43632904bd70ddd51da26868b0c,00002516_G_roll_02.png
b75cf0e47e9ff6bd01cc898900d42b736d40d0e57f266e6f93d34e09abd031ec,00002516_G_roll_03.png
eeeb0484c11f4b8b7263246489dc591ff0d3fe2ba17ec936fd77178641bb6c64,00002516_G_roll_04.png
360d8caa445e243a954a8779ed8203011c0c94decbdadc373aa072cdee476e8a,00002516_G_roll_05.png
d331ff155ca87f84d876fef3b8634eb469d0c2b0f2b0dc95cb10dddd5c70c62d,00002516_G_roll_06.png
2e7638de2230cb946d95b38c38523bb87d414b573d6366c9c7238c9915d6678b,00002516_G_roll_07.png
8d683b624099f2540fb3fee0cbfca28927ceb869e6e87a13a5e1b5b2e0dd53c1,00002516_G_roll_08.png
1cad06df8859cc9cca2ecff15757075893ceef90e942c296bd85a30c656c2ecf,00002516_G_roll_09.png
528a1d0777626f4a389f5c3b5f9ca0ca28cc42d12985ecf8c24b7127f2b5cf38,00002516_G_roll_10.png
8e6fa3754f6e2986c6d60e7bbb78e5640d7b25353d65ea466aa5b3d06fefef5b,00002518_G_roll_01.png
c85b2bf2985b3b3019ac77fe0ee060c27a9ad7ece36957de9a0fadd44f30f3c8,00002518_G_roll_02.png
50533579d3c0a6369462cc4e0e87695ce5e2b4399c803185e61dc57c331be6ea,00002518_G_roll_03.png
964ca869ef0b98f43da2943e6e9d84a1680dc331ac5cb4e5bc9f9c26663afc6a,00002518_G_roll_04.png
ae084050270166edb7143385b2439d2c22a93ab9fe89240cabf48607a030373e,00002518_G_roll_05.png
6cf89d5693f1094887308906436cf122dc7c1d8455428222879f51a5f4dac84f,00002518_G_roll_06.png
6c0cf0678bd0472d1490e5bfeb96685669c7c3c1403eb17e6c106513813c3056,00002518_G_roll_07.png
3baf54973f49ac8419d79e55723b1864fdacddff0ff4e8272eea604a546cf2de,00002518_G_roll_08.png
2c8771453092d0733549621a1f2066b9965ec1d6324bdcacdfa518412756cbac,00002518_G_roll_09.png
10dc08a7991021b89a54e65be035bc9dee2f3581767e0807719e04f8beb830a4,00002518_G_roll_10.png
bf1d705c72053d827278b6e0e3dd6437e749a901a141c0d2a6b987687b14e944,00002523_G_roll_01.png
8bd80c13004a0ea2a4c59e211ff73d52faad9b9077d0828556c6a7a23a0ab616,00002523_G_roll_02.png
99cafb2d5ce36878c8ce72ef36f17c55ecb906875219e2e013e997da7df09b56,00002523_G_roll_03.png
595cec79a3935e1ca4f48fefd17b9d63ab2c723ea680f79bf8a9766962a7b444,00002523_G_roll_04.png
d25ccf0ac4e58da291c2a1ae3344b0275c1479598d23cfe1f40d6e24c50cad03,00002523_G_roll_05.png
5a5567146229c6babc703d4b0c3d4cdca5181e1009eccad4dfbcb599e0b8b97a,00002523_G_roll_06.png
b7ae558a7aed96d1c892c625dce46bc041b38c3d18e25c0281dc04d23a710f33,00002523_G_roll_07.png
84184925da9919d418b472df232499e27f82e5735f99e051e127c3fa4c467d7b,00002523_G_roll_08.png
7b9904021444fe5c6e802c23948311dde57869472dfcc8b2316e680e217d5fda,00002523_G_roll_09.png
4a86b515e976ff36d7184070b4a25dc0f16c944ecffbc1241c0c3118f3b9b063,00002523_G_roll_10.png
b0cd33a6d05aad7a4471dc09ce631e003541b8995ed2f4da8a793601adfcf2ec,00002531_G_roll_01.png
012737ac9ea5afd2629b2e1c6f1b47959325990393779729f30a40249cb67048,00002531_G_roll_02.png
4c08ef4517ea6768cb2fac13e6830bae3805df229c71dce61f5c3d9a989c882c,00002531_G_roll_03.png
aa7d92db7606ad5577fbad11c0dbbc64b973dc7be290e4e7d8ec4234f19fb798,00002531_G_roll_04.png
38be1fa81a09925a9867f776f3b6f56658e5577fb0d2ced817bc3e7ef5b98216,00002531_G_roll_05.png
e8d647090035e3a663f9e9bd5426aaa9a7140f75ebe39b559c73908bddad93a2,00002531_G_roll_06.png
9ca0e23eb2e39b6ded26f9e00271968ee72696a899e468f7effb15705af5a032,00002531_G_roll_07.png
06f60cf86a2e7ca05d60c1cf0431f062bfa53acafc39bf1edd0e29b5b5454a6e,00002531_G_roll_08.png
ed6f86254698dea6246a5ba2abb74f14babbf3810cb12e5254a067fc3dcddbc2,00002531_G_roll_09.png
711d8b3c8862077718acb85cf1f8b6bb4e1eefb25981101aef7e3418ce480565,00002531_G_roll_10.png
d97eafbf75862516cfe0544b3b29554895dc7ec36097c254556ca4e07b2e66cc,00002533_G_roll_01.png
cf532f71d68b896e53a640a1ff16e5a9b798f8661a1e1d8815712643e967f463,00002533_G_roll_02.png
58e2fc9e72e83839dee93dc44df34090de5c2d3eb18f3855f7f76742b63eb52a,00002533_G_roll_03.png
9ee053f0b51dd9bc2ed0960ef0b2108872ed229aae49efee1ed2e9dd9e86d24c,00002533_G_roll_04.png
fe3c57362d4936fb414462dfa2d6e77757d64825c4433011ee9cb358b21de588,00002533_G_roll_05.png
bcbe6ae089ef0b4454e4f1980c654395d8a94ccf89121bb0c5443437d39ed8a6,00002533_G_roll_06.png
3cc13d76c7717e6fb43a71cf246b50334db2f367e6d139b43b983217c3f1ba20,00002533_G_roll_07.png
06b529cb0893521e5f5f28e710e672858d9e26d7167ba330a02898d7ab89423a,00002533_G_roll_08.png
19354e1d373c31f45d44b9f11041407fdf051a943945db1fbcdb8453921e90a8,00002533_G_roll_09.png
f3ada0ca1eb6d0002b2e9807ee63e28c80a2048eb0d9e9f7ad08a9c3618b4b6d,00002533_G_roll_10.png
d282ea18c0b5e7f7cf04d68e89e61c8b2241066b8798999c53492c4be8ac41b8,00002534_G_roll_01.png
d9fe0838e7d44a94d679796cb641b6ccd879706b68226561345521fb7ecf735c,00002534_G_roll_02.png
05ad9dcb0273d86030b9a541ef3bf18e3e24836573d97120c5463f39e4985fe3,00002534_G_roll_03.png
f6e95e286f532c3984bee70a0cfe7ed8951bf54086bf4f045b1196405b6c42da,00002534_G_roll_04.png
553e0f931ee432eef8c021a02405e2f11f83a2c820fdd24b0cf0e619d6829596,00002534_G_roll_05.png
e37a599f280230d5721142feb7b5a6a53365db9a778eb06d8036a458a456ecfa,00002534_G_roll_06.png
fdc855d94919560ffb4ec3a6a879ab36abaefb9a95127b12996252e9122359d0,00002534_G_roll_07.png
ed1655f1e5efe371bb13b27d0b1c298a011aec5cca1c54352deb6f5991f39988,00002534_G_roll_08.png
2fa4ae87547b8bc6ba116d7566c7a64573070696b48fb86d2a9f9b080ba863b9,00002534_G_roll_09.png
7e0ca2fb142cf36b9eb6e665f9dcd1d1409158a4bb7b055a60f05e27f9b83abe,00002534_G_roll_10.png
465143c39433a0370c2cb48417b267538131d13a8307a91d4406ca230a8dbb54,00002535_G_roll_01.png
d75ca633ce47306899a06530b59402080f621b05e68e250020112f13941dfcbb,00002535_G_roll_02.png
37c69e9806dd37383c515118cb7230d31f1ae10809e992e55437ae86bb04f65e,00002535_G_roll_03.png
54c2e1b144f474a69c6d15a898ec1c2e207ff43e0087731aafdfe5408c9b04de,00002535_G_roll_04.png
045b210c036d2b58d6309f2d12ecf97bc6e67328be6937773e28bb3e7819bb5d,00002535_G_roll_05.png
faebf7ddd907e3d65ee4b62b461ada70b0b7744a456247b25ca9c142050f8a15,00002535_G_roll_06.png
61034e3d07a2dcad5648fe03dcc098f15f0b132fb647335f7e9d901bc730d2f6,00002535_G_roll_07.png
5f45663bfeb24e2a1d4f81f38b7348d7287a9d3259a7cb4f022e4da472336264,00002535_G_roll_08.png
b1182b4d3faf4132e1c5fbd5bc9f5f179e3b5d7e0c06f30fb4aabed1eb9c3125,00002535_G_roll_09.png
685fd0ffdc0f1125cdd1580a0a6cd1eeedc8ff676256e7efc85b31ae74061a72,00002535_G_roll_10.png
e093a0dea485f10ae174a3717e98eac0c621ecf6482bb98e52215db254367022,00002542_G_roll_01.png
8744ee23dd3d3cd493910e4b8edec65dff5717c1915f9b90b4a4a0744beb51e7,00002542_G_roll_02.png
70f4cf47f03aada2942c371415f10321a0fddce9d6d09c15adf38d5f11ffb14e,00002542_G_roll_03.png
995410164026688bd06e844aa8a8bd5d7ab12a88f78abe4fb88928ea82f53cb7,00002542_G_roll_04.png
8c4f84e54b03bdaf0ed97ab19f04f316637507747a842e1d4d182b8ae33513f7,00002542_G_roll_05.png
f095c5e0ea8a617641313b7dd37d9906d3cf6224c0c46c80ef169bf639fddd5f,00002542_G_roll_06.png
8f0ad90efa9a1fd691e275887ed269bf52940fc18b4e63a548b3e61bb0e43349,00002542_G_roll_07.png
36c917215278a5120fb7f32a1f876c3cfa642266b7ab97b920bc26c518cad5fb,00002542_G_roll_08.png
9285c5cd760284c2de38b88d96adb68a5a07bcb7f2f8bd5dd8a8f7259ff46209,00002542_G_roll_09.png
e49d8f32548b248753418716c436438b921b78803111d59e8741a3ba29bc6269,00002542_G_roll_10.png
fee4a8205f311ec9e67af774f97be2ea75da90e664d51e482d7afa87a34eb840,00002546_G_roll_01.png
768eeeee581ce771252d1e304b5c9ec0e62c525653beac1c32cad08cb85e0580,00002546_G_roll_02.png
db50c3643eea41dce4c10349408b0bb98884651895795506cf989dfb0314b75f,00002546_G_roll_03.png
a4382e9be88573408c733ffc53c7ddf05c18f5bf3cc2de5eab157e74b27e783f,00002546_G_roll_04.png
2566516f133bd69dc1add319e87a4ccbc1b34baa2285c20d91fdc8366340854d,00002546_G_roll_05.png
d78c9602d9a8ca73028e64ca89d7a025e9c145fdf10aa0bd3100e5be223d134a,00002546_G_roll_06.png
a548f7ccd5e1248c098b076979d37d72e19cd3e66418bb0b42210e7af18390ac,00002546_G_roll_07.png
a286e6f9e6fcd7f1feb5b2bd2a22219b5ac1cd68be5a65574e2bd892f6ab5ea3,00002546_G_roll_08.png
7c061fac619f41837d7e16d781e572c6ab9088e10af62372d3aca97dade4058b,00002546_G_roll_09.png
0756001df4bf2718d66db7fc5559eb1ed9df70efc474d9db8b18bc9a1b5e8828,00002546_G_roll_10.png
013c2e8ad7a2425a5a694b59e3029b05d2447d3fb5f9ed5a281dbb30dfdf80d3,00002555_G_roll_01.png
852513b60e585a5bfff77f09c6e01e5afcfd5222beac8ba8e0b1e8287e0933ce,00002555_G_roll_02.png
3e5662d5e7289c1937525d783c29a1df57433eaaae52cda7f60e3d863d98afd5,00002555_G_roll_03.png
b9a100307ae715ad5e617d175896cd7b96c62c548f3d3054c4c2c7764c6d542b,00002555_G_roll_04.png
f27642ddf8d5fb9e0584eb895488a8d751619e889c5ecfca49d276e4e96d786e,00002555_G_roll_05.png
19e25763116b286f3586ae88a3f106208ac44beaaf7978d5dd68fe94c0df6771,00002555_G_roll_06.png
0b201e4b9032ab03aafcbaaf7f262ce15ea38e3c21fa3f1ede7d8c22a7c0834a,00002555_G_roll_07.png
cee5e15006e8067df328df2a0077bf8a6cbf67972a7495d240575b4886147d9f,00002555_G_roll_08.png
24a9f1db372b4d3980e12411ecba854e9db89542fc1ce6c62923ce859241054f,00002555_G_roll_09.png
69abae2b9498d2c2620b3969918b3a6df33863e7b69f5b9fe6259aade316123a,00002555_G_roll_10.png
543465db11848b5be1caeeb48972f79093709d9b72af5674f6c9c1803498e911,00002556_G_roll_01.png
cb119c956e12f59f2e30b12e6b4aee9b139ea9a0be2ae4fc77f4d6e1ad18ec1c,00002556_G_roll_02.png
5717716d46d6f0d5fff3d5e8c996a4e16df9773fd04eee15a41363579dbdf105,00002556_G_roll_03.png
164e352874305da498931efe200b8ee7553bc99c496d657650a4ef0010ece877,00002556_G_roll_04.png
8afd6c334a89638f3d70b56ed18b0ac2f3a993dd12d6b36c9b12e037c0ee5d8b,00002556_G_roll_05.png
708c3c1a315bc40d7053111bf14e2873f5b83690f7f7dc061da723991721daab,00002556_G_roll_06.png
3e7f5f34a13a5e8106e9ce8e93b1453049e85628fe4556b8dfe69265d1086943,00002556_G_roll_07.png
e83be2c4f481efd2f1fd3c784269cf8b40e3167dff6de7423d1c7bfaaa970921,00002556_G_roll_08.png
37f8a09e23852a407bc640e3a174214aa6c52ed5d0b8a90a9416ec76cbe8856f,00002556_G_roll_09.png
fc0e12c27ac5bc910488fe8ca9c822201fa1c8eab9a35813e385e37f7a339430,00002556_G_roll_10.png
c0385f58b18c7384430ed671ebaf85128e1d22137f3f6d99e6a78167d74de526,00002561_G_roll_01.png
11d78aded3bbd7b2af24a12e24429dd4672803bd9481a0243effe764d3fca0a4,00002561_G_roll_02.png
b485cebb1821b06a8785d8b104a56b4875e4ab1d40876769c2899079a72187fa,00002561_G_roll_03.png
de3d9c4cfbf90f4204f990ccbf3022aca878662a060b05eba2cda10289c24724,00002561_G_roll_04.png
66f0eb816eec407bc46b8909d88f55dd3439ae23df30bcc31e5bf73905a01888,00002561_G_roll_05.png
b37ae88a0fc25d4537907e1c54b6341e21d6a2075b3cf51ba90c8fd17194dde9,00002561_G_roll_06.png
501a940d38704bfd36f948f3c6a1239f29a87f514c9d88b1e10086a34eecdd78,00002561_G_roll_07.png
094408ea918e2cbcb57585d73ed9f1b0c741402bb2643b0e3ea666f401b4a15d,00002561_G_roll_08.png
f6c27b4f6469f987adda699f12eea5d605c817145356c963115296da8ff780a4,00002561_G_roll_09.png
e8130061add4c509afbb3b51d5284ec71194191e6ead42dbc36804dff5a01891,00002561_G_roll_10.png
798972b63f2ce11cbcba6c641c751334141a3729e4718771f8fbf88fae8b0bd5,00002564_G_roll_01.png
06b61766b8a83550c9f7b4e17142a6fb502e9f1fb8ab62b27591065b0ad85a96,00002564_G_roll_02.png
930226067af63a53609818066ad28109285f41b838708ba818d31847c46b1aa3,00002564_G_roll_03.png
4b45310ef750f78d64320a87b19f1bd8472636c71408300ff2690429593a9100,00002564_G_roll_04.png
807149166e0d990a2008807d509442665c3b984fffcbb6c08db6a5bdf62e0b89,00002564_G_roll_05.png
89977a79f886897f52fe85bc2bd4c22d3bab62def345b86c66ae5a2b8d151921,00002564_G_roll_06.png
ce9ca3b63da329ca5215d5f4c1e0afa1ecde21819a8b0d93688de7ef100071d8,00002564_G_roll_07.png
ee75f97266b09a2859fa1b458a290d9eca4144e6fd8d3cb13179486942011be0,00002564_G_roll_08.png
8de5befa735f78f73059a7a1fd181f582183d8ecce06fe01d510da4495ccde79,00002564_G_roll_09.png
6e3457a6cbd84963b228320fec8b0dc78b21014e1674a6e795dfac84df56cf2a,00002564_G_roll_10.png
17e794fc84a63655e31da96ca918acf2dc4794fa51cfbbc73ca5853eb81118af,00002575_G_roll_01.png
3d1f385ec4ccbf6d3b7e81d64b5760e330f8094710aab9d60bff260ce8d60aed,00002575_G_roll_02.png
e70ce97405d5660854ebfc04e72c5561816288e229c6a626733fa56ab374d3db,00002575_G_roll_03.png
8503f583343710035d48f1e337d2e8abdc8fd5fa70b901fb5872d41f581c0d3c,00002575_G_roll_04.png
5336dc6402434cd6819724080c010075eeb3d7a669e07fc899f3e78d9907b674,00002575_G_roll_05.png
d3bbbda5c6f9e61ddcd31e8283c51709820095c31cf6778ca1fe17bf1d2e0a07,00002575_G_roll_06.png
359974467e418abfa103ab0c55fe5a6cbaf0807f90fbffd5fe379d458788b33f,00002575_G_roll_07.png
d20418ff693c3d709bb6e4b0f262e91590003802da02fbefa8304f6e8ac2dc31,00002575_G_roll_08.png
07d2afdc4e2aec168266af7d491fbe6263a21c30daecdb32f26b594ca226943b,00002575_G_roll_09.png
34b23eaa2bbe455037c9432317f8eb987da1b781dab8690c9d631e0e2072ae4e,00002575_G_roll_10.png
ed351e22c0e5854878ffb7e064e0e5c5cddbe8d9ffbc71319ff29fce1e051482,00002578_G_roll_01.png
d7dc1770b4817015f437ef3bd17a558558051284c16ca1b1afbff606947695c5,00002578_G_roll_02.png
ac794c96b24e8049ea6d4a16993ae1aa350f37cc8cd457796243dac71ca2706c,00002578_G_roll_03.png
abb72a6e0e4c82e6540be7d9fea27eb0f9b63255d5479025e564020b83006b0d,00002578_G_roll_04.png
8a60283f8d14b32b8df54b4616bd3f905d3b4ca9022f317c3a12cd1efdc17bb9,00002578_G_roll_05.png
43cdbcf7179aa04accc029317da8c91edd337204fe1aa3f4bb348648129ccd26,00002578_G_roll_06.png
4d047efddee5d4396499b3472f88acfb2e781c506f3cac44a97678f518636e86,00002578_G_roll_07.png
0faef536928b108cc59dcec6f91ad0307ea8588a3466bc2c6a3de49922dd22b0,00002578_G_roll_08.png
2e8cdc41f8d6c1673e9bad120a1bfd16fd86af8dc44c243f7c0c235d9641d938,00002578_G_roll_09.png
5a75f10c52001ced811a3f1ab420e1e3e6bcb384fac987ea4df813800568991c,00002578_G_roll_10.png
